{"mean":{"confidence_interval":{"confidence_level":0.95,"lower_bound":-0.045907679401425504,"upper_bound":-0.027663979942781466},"point_estimate":-0.036909370153339394,"standard_error":0.004643320413662482},"median":{"confidence_interval":{"confidence_level":0.95,"lower_bound":-0.04068214737194853,"upper_bound":-0.025259945221726365},"point_estimate":-0.03232132047965963,"standard_error":0.004011858899600826}}