{"mean":{"confidence_interval":{"confidence_level":0.95,"lower_bound":-0.07913211625611773,"upper_bound":-0.03543235204142307},"point_estimate":-0.05788413226038791,"standard_error":0.011176082632133202},"median":{"confidence_interval":{"confidence_level":0.95,"lower_bound":-0.0816879917817902,"upper_bound":-0.03279398420833746},"point_estimate":-0.06100819051204409,"standard_error":0.01278572234277024}}